Player,Position,ID,Draft Year,Projected SPM,Superstar,Starter,Role Player
Mustafa Shakur,PG,mustafa-shakur,2007,-1.304223835,0.000728318,0.027577209,0.328554759
Jermareo Davidson,PF,jermareo-davidson,2007,-1.305091185,9.76795e-05,0.02812819,0.34832260200000004
Ekene Ibekwe,PF,ekene-ibekwe,2007,-1.313001978,0.000348561,0.018529256,0.33419173
Cartier Martin,SF,cartier-martin,2007,-1.3157869420000001,0.00020631,0.01747079,0.363320914
Ivan Radenovic,PF,ivan-radenovic,2007,-1.327384266,8.954139999999999e-05,0.026357204,0.34174584700000005
Sammy Mejia,SG,sammy-mejia,2007,-1.341460216,0.000689575,0.013929536000000001,0.349743728
Quinton Hosley,SG,quinton-hosley,2007,-1.350532878,0.0,0.017552802,0.32187025399999997
D.J. Strawberry,SG,dj-strawberry,2007,-1.362045295,0.0009746980000000001,0.031569322000000004,0.30865706600000004
Brandon Heath,PG,brandon-heath,2007,-1.4228424259999999,0.0,0.013547162,0.307966577
Mario Boggan,PF,mario-boggan,2007,-1.4315122180000002,0.0,0.011855878,0.29160638899999997
Mohamed Abukar,C,mohamed-abukar,2007,-1.446777065,0.0,0.015200466999999999,0.28348395
Zabian Dowdell,PG,zabian-dowdell,2007,-1.462475829,0.000268062,0.023533727,0.258410449
Rajon Rondo,PG,rajon-rondo,2006,0.8948348709999999,0.122587515,0.43248579,0.141469393
Tyrus Thomas,PF,tyrus-thomas,2006,0.865400995,0.124712644,0.412997347,0.13541114099999998
LaMarcus Aldridge,PF,lamarcus-aldridge,2006,0.658653714,0.101638437,0.42557547799999995,0.17027758699999998
Rudy Gay,SF,rudy-gay,2006,0.46212690799999995,0.083618277,0.42863719,0.160119071
Ronnie Brewer,SG,ronnie-brewer,2006,0.4266451,0.08904323900000001,0.356336544,0.165396502
Kyle Lowry,PG,kyle-lowry,2006,0.329211101,0.049197722,0.383973635,0.232291565
Brandon Roy,SG,brandon-roy,2006,0.286436152,0.079167494,0.36880191799999995,0.20712070300000002
Paul Millsap,PF,paul-millsap,2006,-0.03897581,0.006100948,0.31509892300000003,0.326262406
Patrick O'Bryant,C,patrick-o-bryant,2006,-0.053936217,0.018479873,0.29454603,0.398548083
Randy Foye,SG,randy-foye,2006,-0.300179995,0.036798019,0.230454942,0.287249231
Daniel Gibson,PG,daniel-gibson,2006,-0.457124904,0.010676808000000001,0.250537607,0.30979543600000004
P.J. Tucker,SF,pj-tucker,2006,-0.460092589,0.006508848,0.19409026,0.416743394
Jordan Farmar,PG,jordan-farmar,2006,-0.50403332,0.045649987,0.224285388,0.228155188
J.J. Redick,SG,jj-redick,2006,-0.534230627,0.008943795,0.225057833,0.32409892100000004
Marcus Williams,PG,2-5-marcus-williams,2006,-0.581940486,0.006370245,0.21381325399999998,0.309843927
Adam Morrison,SF,adam-morrison,2006,-0.627188565,0.017599666,0.13475722099999998,0.5040972810000001
Cedric Simmons,PF,cedric-simmons,2006,-0.637550356,0.009219395,0.160887594,0.402180693
Shawne Williams,SF,shawne-williams,2006,-0.6879875670000001,0.001300578,0.191979769,0.344653179
Shannon Brown,SG,shannon-brown,2006,-0.7130982490000001,0.01003574,0.154995876,0.37829050299999994
Jose Juan Barea,PG,jose-juan-barea,2006,-0.791446178,0.0,0.070324346,0.479742202
Steve Novak,SF,steve-novak,2006,-0.794232211,0.0,0.074972173,0.51266365
Hilton Armstrong,C,hilton-armstrong,2006,-0.7999606109999999,0.002485121,0.104489141,0.464946189
Shelden Williams,PF,shelden-williams,2006,-0.8299575159999999,0.001680307,0.141285663,0.39410596200000003
Renaldo Balkman,SF,renaldo-balkman,2006,-0.8381388559999999,0.0026567440000000004,0.111817105,0.38767753
Marcus Slaughter,SF,marcus-slaughter,2006,-0.898807172,0.005847171,0.09668453800000001,0.381072507
Josh Boone,C,josh-boone,2006,-0.924881748,0.001184168,0.073858516,0.47311223399999996
Thomas Gardner,SG,thomas-gardner,2006,-0.9529539929999999,0.0020463589999999998,0.067722995,0.43956736700000004
J.P. Batista,PF,jp-batista,2006,-0.96178314,0.0,0.060529314,0.447289582
Rashad Anderson,SG,rashad-anderson,2006,-0.975748574,0.00023633400000000002,0.055220209000000006,0.47416229200000004
Leon Powe,PF,leon-powe,2006,-0.97880805,0.001077039,0.08933676,0.39336923700000004
James Augustine,PF,james-augustine,2006,-0.98198068,0.001059535,0.080348111,0.420657049
Taquan Dean,SG,taquan-dean,2006,-1.009152563,0.000446063,0.047023768,0.46087263100000003
Taj Gray,PF,taj-gray,2006,-1.0093601859999999,0.0,0.063238309,0.419585073
Dee Brown,PG,dee-brown,2006,-1.009604074,0.000579799,0.104696193,0.34227821799999997
James White,SG,james-white,2006,-1.012832448,0.00010261200000000001,0.081280709,0.39896504299999996
Hassan Adams,SG,hassan-adams,2006,-1.016680524,0.003368882,0.06200404,0.421001814
Rodney Carney,SF,rodney-carney,2006,-1.023898826,0.00041612699999999997,0.083631202,0.384290607
Craig Smith,PF,craig-smith,2006,-1.037524885,0.000227113,0.088244221,0.366627129
Eric Williams,PF,eric-williams,2006,-1.0459040929999999,0.0013917,0.058778529,0.403884795
Will Blalock,PG,will-blalock,2006,-1.061063412,0.0,0.11937170400000001,0.295854051
Chris Quinn,PG,chris-quinn,2006,-1.069937202,0.00035804099999999997,0.035697513,0.435931512
Terrell Everett,PG,terrell-everett,2006,-1.079333551,0.000409872,0.066332713,0.38246548799999996
Mike Gansey,SG,mike-gansey,2006,-1.086715179,0.0,0.04958843,0.408894383
Marco Killingsworth,PF,marco-killingsworth,2006,-1.112231555,0.000314251,0.036822866,0.405351034
Sean Dockery,PG,sean-dockery,2006,-1.114393299,0.002325354,0.041794534,0.39962925899999996
Denham Brown,SG,denham-brown,2006,-1.121864202,0.0,0.041736569,0.42947969700000005
Gerry McNamara,PG,gerry-mcnamara,2006,-1.125502548,0.0,0.029358673,0.419732105
Maurice Ager,SG,maurice-ager,2006,-1.130726183,0.00015632799999999998,0.061634747000000004,0.40295857399999996
Ryan Hollins,C,ryan-hollins,2006,-1.1403271959999999,0.0,0.046265129,0.404903695
Paul Davis,C,paul-davis,2006,-1.147575938,0.0020964729999999997,0.049802501,0.36806807399999997
Guillermo Diaz,SG,guillermo-diaz,2006,-1.17029603,0.000656052,0.051492409,0.364697217
Carl Krauser,PG,carl-krauser,2006,-1.171553955,0.000112384,0.033148385,0.39438888899999996
Mike Hall,SF,mike-hall,2006,-1.188284397,0.000792365,0.040088415,0.366909214
Allan Ray,SG,allan-ray,2006,-1.19479775,0.000452551,0.036683888,0.40859185600000003
Quincy Douby,SG,quincy-douby,2006,-1.233756825,0.001640896,0.029929447,0.384203285
Kevin Pittsnogle,C,kevin-pittsnogle,2006,-1.249727784,0.0,0.035165329,0.364870001
Bobby Jones,SF,bobby-jones,2006,-1.252051567,0.000385708,0.029009357000000003,0.38339808299999995
Curtis Stinson,SG,curtis-stinson,2006,-1.259074405,0.0015869089999999998,0.017321857,0.378356469
Brandon Bowman,SF,brandon-bowman,2006,-1.270896704,0.000461789,0.029096182999999998,0.364547723
Eric Hicks,PF,eric-hicks,2006,-1.287549793,0.000322246,0.03841218,0.333340142
Justin Williams,C,2-justin-williams,2006,-1.2987839890000001,0.0,0.026794395,0.315803717
Daniel Horton,PG,daniel-horton,2006,-1.302865336,0.000530699,0.025745074,0.340479443
Dwayne Mitchell,SG,dwayne-mitchell,2006,-1.3074209490000002,0.0,0.027806266,0.33275498800000003
Mardy Collins,PG,mardy-collins,2006,-1.31052618,0.000682911,0.028480342999999998,0.324515133
Alexander Johnson,PF,alexander-johnson,2006,-1.3108454920000001,0.00034264800000000003,0.025417757000000003,0.33552235
Marcellus Sommerville,SF,marcellus-sommerville,2006,-1.332386361,0.0,0.013930256,0.345213389
Yemi Nicholson,C,yemi-nicholson,2006,-1.33638633,0.000463321,0.013870776999999999,0.33483646699999997
Kenny Adeleke,PF,kenny-adeleke,2006,-1.338024761,0.000231108,0.024555577999999998,0.30070863600000003
Solomon Jones,C,solomon-jones,2006,-1.3584936140000001,0.0,0.033607648999999996,0.277170314
Matt Haryasz,PF,matt-haryasz,2006,-1.365337656,0.0,0.011389256,0.323808303
Steven Smith,SF,steven-smith,2006,-1.365488034,0.0007637480000000001,0.008598138,0.339355465
Christian Maraker,PF,christian-maraker,2006,-1.3690541280000001,0.00017010400000000002,0.00611271,0.33785093899999996
Terence Dials,PF,terence-dials,2006,-1.3727420819999998,0.000493327,0.022085591,0.306931328
Nik Caner-Medley,SF,nik-caner-medley,2006,-1.3849688169999999,0.000377481,0.025429712,0.30545366399999996
Danilo Pinnock,SG,danilo-pinnock,2006,-1.393336168,0.000764545,0.022109106,0.307882068
Pops Mensah-Bonsu,PF,pops-mensah-bonsu,2006,-1.489407128,0.0,0.013397888,0.270303033
Louis Amundson,PF,louis-amundson,2006,-1.5152007280000002,0.0,0.010102224,0.24613356100000003
Chris Paul,PG,chris-paul,2005,1.516427425,0.163318627,0.48997168,0.09913282400000001
Marvin Williams,SF,24-marvin-williams,2005,0.971451805,0.10961904800000001,0.464428571,0.176428571
Deron Williams,PG,deron-williams,2005,0.43594269399999996,0.068499308,0.401545283,0.173836541
Raymond Felton,PG,raymond-felton,2005,0.329183515,0.050032359000000005,0.3878886,0.18746655899999998
Andrew Bogut,C,andrew-bogut,2005,0.292890937,0.071469166,0.320787449,0.237761143
Danny Granger,SF,danny-granger,2005,0.21001805399999998,0.065360607,0.31451764,0.245216653
Brandon Bass,PF,brandon-bass,2005,-0.196150629,0.010712641,0.282192702,0.35684566100000004
Sean May,PF,sean-may,2005,-0.242284638,0.023464762000000004,0.23811337600000002,0.40101473299999996
Charlie Villanueva,PF,charlie-villanueva,2005,-0.24409248,0.0069573180000000005,0.285927428,0.37091110899999996
David Lee,PF,david-lee,2005,-0.283373496,0.006339022,0.295078413,0.337241606
Randolph Morris,C,randolph-morris,2005,-0.362571159,0.01409176,0.215168539,0.393071161
Channing Frye,C,channing-frye,2005,-0.39815340899999996,0.007390003000000001,0.301804693,0.294953135
Rashad McCants,SG,rashad-mccants,2005,-0.416804664,0.016141689,0.206559706,0.386430919
Von Wafer,SG,von-wafer,2005,-0.470227777,0.027388715,0.20141289199999998,0.364712756
Ike Diogu,PF,ike-diogu,2005,-0.523233245,0.009637211,0.219135141,0.366969735
Nate Robinson,PG,nate-robinson,2005,-0.534871435,0.003299275,0.23671417100000003,0.296688625
Chris Taft,PF,chris-taft,2005,-0.5362187079999999,0.003696763,0.14238318,0.48939154
Francisco Garcia,SG,francisco-garcia,2005,-0.7435396609999999,0.001918359,0.11556186800000001,0.447785793
Bracey Wright,SG,bracey-wright,2005,-0.7629185140000001,0.0028869909999999998,0.10264070800000001,0.455346533
Linas Kleiza,SF,linas-kleiza,2005,-0.7695207359999999,0.007114015,0.12202488800000001,0.389637753
Kennedy Winston,SF,kennedy-winston,2005,-0.8728905379999999,0.00212102,0.093820581,0.43248580700000006
Luther Head,PG,luther-head,2005,-0.874334548,0.000104826,0.107947763,0.40730224
Sean Banks,SF,sean-banks,2005,-0.8799609270000001,0.0016905529999999998,0.110195469,0.387371584
Jarrett Jack,PG,jarrett-jack,2005,-0.886282158,0.0019251370000000002,0.156885336,0.287860218
John Gilchrist,PG,john-gilchrist,2005,-0.929445298,0.001833061,0.12483755199999999,0.327563323
Joey Graham,SF,joey-graham,2005,-0.9400706059999999,0.002051043,0.096297569,0.424085031
Jason Maxiell,PF,jason-maxiell,2005,-0.945374842,0.0013618970000000002,0.112041506,0.38774742799999995
Ryan Gomes,SF,ryan-gomes,2005,-1.034835774,0.000252417,0.08432440599999999,0.3736897
Dwayne Jones,PF,dwayne-jones,2005,-1.046213485,0.0,0.069814294,0.38203013700000005
Julius Hodge,SG,julius-hodge,2005,-1.048042665,0.004732534,0.049506594,0.42384204
Robert Whaley,C,robert-whaley,2005,-1.065041362,0.000533333,0.054266667000000005,0.42404444399999996
Travis Diener,PG,travis-diener,2005,-1.0727218729999999,0.000571716,0.044487425,0.41190444600000004
Jawad Williams,SF,jawad-williams,2005,-1.077381446,0.0,0.06213794,0.415145891
Erazem Lorbek,PF,erazem-lorbek,2005,-1.083814826,0.001388889,0.075185185,0.363101852
Kelenna Azubuike,SG,kelenna-azubuike,2005,-1.096141256,0.0,0.037195367,0.46118760000000003
Will Conroy,PG,will-conroy,2005,-1.107236485,0.0,0.048504455999999994,0.394255731
Daniel Ewing,PG,daniel-ewing,2005,-1.124261102,0.000794313,0.060149505,0.402948746
Matt Walsh,SF,matt-walsh,2005,-1.125238508,0.0,0.043054199999999994,0.41363975399999997
Ronny Turiaf,PF,ronny-turiaf,2005,-1.144349151,0.00016795900000000002,0.058691517,0.37707059
Antoine Wright,SG,antoine-wright,2005,-1.1603243559999998,0.0012503710000000001,0.054812432,0.384795509
Alan Anderson,SG,alan-anderson,2005,-1.166415701,0.001294091,0.042440694,0.40183406899999996
Filiberto Rivera,PG,filiberto-rivera,2005,-1.171935116,0.0,0.041491337999999996,0.36787999
Eddie Basden,SG,eddie-basden,2005,-1.174301489,0.002624263,0.048948385,0.355127044
Orien Greene,PG,orien-greene,2005,-1.20619942,0.00032161900000000004,0.046239632,0.336289684
Salim Stoudamire,SG,salim-stoudamire,2005,-1.22338789,0.0,0.036843845,0.36673100399999997
Hakim Warrick,PF,hakim-warrick,2005,-1.226390383,0.0,0.051903454,0.350428112
Mindaugas Katelynas,SF,mindaugas-katelynas,2005,-1.237504161,0.0,0.035142095,0.35512365100000004
Wayne Simien,PF,wayne-simien,2005,-1.277538911,0.000323883,0.045753454000000006,0.330617853
Anthony Roberson,SG,anthony-roberson,2005,-1.286113327,0.000758002,0.034826976,0.343139834
Lawrence Roberts,PF,lawrence-roberts,2005,-1.287072385,0.000679927,0.043618345,0.304433034
Dijon Thompson,SF,dijon-thompson,2005,-1.298658105,0.000654431,0.026089201,0.350200621
Will Bynum,PG,will-bynum,2005,-1.335606613,0.000264837,0.044465153,0.292034581
Alex Acker,SG,alex-acker,2005,-1.336590807,0.0,0.016480746,0.35724426
Deji Akindele,C,deji-akindele,2005,-1.3566298140000002,0.000232516,0.020980167,0.29741893399999997
Rawle Marshall,SF,rawle-marshall,2005,-1.3966612680000001,0.000302776,0.015405012,0.31261218
Jared Homan,C,jared-homan,2005,-1.445320444,0.000228247,0.016002989,0.269746414
Donell Taylor,PG,donell-taylor,2005,-1.4485219480000002,0.0005895669999999999,0.026319807999999997,0.257966299
Andre Iguodala,SG,andre-iguodala,2004,0.723507888,0.115662675,0.405836971,0.160668426
Luol Deng,SF,luol-deng,2004,0.402108866,0.076092896,0.47185792299999996,0.135519126
Emeka Okafor,PF,emeka-okafor,2004,0.38286378200000004,0.05950957,0.454024052,0.155522628
Devin Harris,PG,devin-harris,2004,0.149206274,0.056696365,0.337913676,0.198119145
Trevor Ariza,SF,trevor-ariza,2004,0.103467957,0.037616387,0.325232775,0.339688082
Kris Humphries,PF,kris-humphries,2004,-0.013477227,0.010483871,0.283237327,0.457734895
Josh Childress,SF,josh-childress,2004,-0.102792004,0.019395903,0.29856797,0.326055739
Ben Gordon,PG,ben-gordon,2004,-0.253453394,0.053320868,0.23996105899999998,0.23228011399999998
Jameer Nelson,PG,jameer-nelson,2004,-0.464669978,0.007934699,0.252683799,0.269949595
Kirk Snyder,SG,kirk-snyder,2004,-0.601875773,0.005347445,0.142658282,0.446837054
Chris Duhon,PG,chris-duhon,2004,-0.604735406,0.000348405,0.199599849,0.353676337
Kevin Martin,SG,32-kevin-martin,2004,-0.7610686259999999,0.008435640999999999,0.130982457,0.40804331200000005
Delonte West,SG,delonte-west,2004,-0.7792922859999999,0.007151243000000001,0.148452857,0.34802052299999997
Christian Drejer,SF,christian-drejer,2004,-0.8608684040000001,0.00118986,0.083543544,0.459642591
Tony Allen,SG,tony-allen,2004,-0.8664471779999999,0.007969967,0.109174265,0.361727355
Rafael Araujo,C,rafael-araujo,2004,-0.9236678629999999,0.0026660090000000004,0.10371358,0.36252711600000004
Rickey Paulding,SG,rickey-paulding,2004,-0.939643055,0.000229647,0.043443155,0.532153902
Blake Stepp,PG,blake-stepp,2004,-1.021688588,0.001490345,0.056836318,0.427146862
Royal Ivey,SG,royal-ivey,2004,-1.030784037,0.0,0.066388223,0.47813641799999995
Romain Sato,SG,romain-sato,2004,-1.040968512,0.0,0.052018472,0.435614354
Luke Jackson,SG,luke-jackson,2004,-1.04985346,0.000816149,0.05863901,0.44363981799999996
Ales Chan,C,ales-chan,2004,-1.095773547,0.001090876,0.034861913,0.445772688
Ricky Minard,SG,ricky-minard,2004,-1.115284045,0.002424581,0.042423064,0.40900476799999996
Nigel Dixon,C,nigel-dixon,2004,-1.1359463459999999,0.000896847,0.03209951,0.39798748899999997
Timmy Bowers,PG,timmy-bowers,2004,-1.142043309,0.000771742,0.059875213,0.360834286
Marcus Douthit,PF,marcus-douthit,2004,-1.188482284,0.000138124,0.024700122999999997,0.39094351200000005
Nick Jacobson,SG,nick-jacobson,2004,-1.207386651,0.0,0.010359973,0.42627498700000005
David Harrison,C,david-harrison,2004,-1.211165707,0.00017036299999999998,0.076917737,0.321102237
Desmon Farmer,SG,desmon-farmer,2004,-1.217081158,0.00016838900000000002,0.026541198,0.41052007799999995
Rashad Wright,PG,rashad-wright,2004,-1.23156559,0.000156964,0.059531707999999996,0.321470349
Darius Rice,SF,darius-rice,2004,-1.25506141,0.000494604,0.02998091,0.37179591
Andre Emmett,SG,andre-emmett,2004,-1.2764718990000001,0.004548263,0.029744978999999998,0.341697625
Luis Flores,SG,luis-flores,2004,-1.29883128,0.00016015299999999998,0.02172001,0.362343009
Bryant Matthews,SF,bryant-matthews,2004,-1.30427168,0.000838968,0.036346349,0.311754921
Antonio Burks,PG,41-antonio-burks,2004,-1.3086673659999999,0.0,0.030941188999999997,0.331444079
Tim Pickett,SG,tim-pickett,2004,-1.309528422,0.00086899,0.038588546,0.308918995
Pape Sow,PF,pape-sow,2004,-1.315876613,0.0,0.028691192999999997,0.324016155
Chris Garnett,C,chris-garnett,2004,-1.324071963,0.0,0.024147809,0.322050637
David Young,SG,david-young,2004,-1.3470163080000002,0.000125864,0.022014507000000003,0.348832549
John Edwards,C,john-edwards,2004,-1.39108866,8.79483e-05,0.022227027000000003,0.303161052
Lionel Chalmers,PG,lionel-chalmers,2004,-1.395950201,0.0,0.026293055,0.28962562199999997
Marcus Moore,PG,1-marcus-moore,2004,-1.399979035,0.0,0.014608963,0.307857596
Matt Freije,SF,matt-freije,2004,-1.4005860280000002,0.0,0.024232549,0.307632509
Jaime Lloreda,PF,jaime-lloreda,2004,-1.402798873,0.0,0.021976372,0.296113091
Arthur Johnson,PF,arthur-johnson,2004,-1.4028537269999999,0.0,0.023761877999999997,0.293690383
Bernard Robinson Jr.,SF,bernard-robinson-jr,2004,-1.423429914,0.000608672,0.0179425,0.29126663199999997
Jackson Vroman,C,jackson-vroman,2004,-1.438614905,0.0,0.025703336,0.262259775
Michel Morandais,SG,michel-morandais,2004,-1.453550541,0.000559714,0.011136127,0.295734895
Herve Lamizana,SF,herve-lamizana,2004,-1.492018038,0.000107081,0.011275998999999998,0.255742468
Andre Brown,PF,andre-brown,2004,-1.4940104319999998,0.0,0.01480925,0.26469946699999997
Justin Reed,SF,justin-reed,2004,-1.510119446,0.0008083210000000001,0.013231625,0.23764098600000003
Dwyane Wade,SG,dwyane-wade,2003,0.73870236,0.121054886,0.36919403700000003,0.16243316800000002
Chris Kaman,C,chris-kaman,2003,0.406959241,0.05680396099999999,0.29786488899999997,0.374721653
Carmelo Anthony,SF,carmelo-anthony,2003,0.364009849,0.077252843,0.414720035,0.12338145199999999
Kirk Hinrich,SG,kirk-hinrich,2003,0.287812744,0.026017405,0.38796318399999996,0.268980868
Chris Bosh,PF,chris-bosh,2003,0.279740382,0.048972003,0.40638670200000004,0.218000875
Mike Sweetney,PF,mike-sweetney,2003,0.039230548999999997,0.017960094,0.308280379,0.367714969
Josh Howard,SF,josh-howard,2003,-0.255454298,0.0057470030000000005,0.255466755,0.3582248
T.J. Ford,PG,tj-ford,2003,-0.258074184,0.020962065,0.331649364,0.15633336
David West,PF,david-west,2003,-0.41960310100000003,0.005991156,0.286473415,0.251416987
Kyle Korver,SG,kyle-korver,2003,-0.49567217,0.0009040010000000001,0.21049033,0.401104667
Nick Collison,PF,nick-collison,2003,-0.510828996,0.000402432,0.24349180899999998,0.390875446
Luke Ridnour,PG,luke-ridnour,2003,-0.532528811,0.0039437940000000005,0.24611508699999998,0.269305838
Steve Blake,PG,steve-blake,2003,-0.590902036,0.00022109,0.119338161,0.479760886
Luke Walton,SF,luke-walton,2003,-0.669809945,0.000509125,0.12298005,0.460500535
Matt Bonner,SF,matt-bonner,2003,-0.8010746470000001,0.0,0.152582938,0.386936386
Brian Cook,PF,brian-cook,2003,-0.809840355,0.001997253,0.124695914,0.426679076
Jarvis Hayes,SG,jarvis-hayes,2003,-0.8824294490000001,0.0018265129999999999,0.106547017,0.441476895
Jason Kapono,SF,jason-kapono,2003,-0.897271442,0.000487901,0.08287692299999999,0.46968524100000003
Drew Nicholas,SG,drew-nicholas,2003,-0.914786118,0.0,0.059892135,0.466568406
Marquis Daniels,SF,marquis-daniels,2003,-0.9241802309999999,0.0033330129999999997,0.10141444599999999,0.354416742
Jason Keep,C,jason-keep,2003,-0.983432477,0.0,0.054810767999999996,0.45029232799999996
Keith Bogans,SG,keith-bogans,2003,-0.983593773,0.000161494,0.09769401400000001,0.403392735
Brandin Knight,PG,brandin-knight,2003,-1.013149227,0.005729028000000001,0.10261356099999999,0.311840397
Jason Gardner,PG,jason-gardner,2003,-1.023384314,0.00057864,0.06447290900000001,0.401427579
Justin Hamilton,PG,justin-hamilton,2003,-1.023904699,0.0008449989999999999,0.060041658,0.417915999
Josh Powell,SF,33-josh-powell,2003,-1.024746,0.002152873,0.07978111,0.37837952
Danny Miller,SG,danny-miller,2003,-1.051512908,0.00014294,0.043870365,0.44120778299999996
Marquis Estill,PF,marquis-estill,2003,-1.052913674,0.0,0.046353198,0.44987470399999996
Marcus Banks,PG,marcus-banks,2003,-1.068775016,0.004529414,0.07775272700000001,0.341913905
Troy Bell,PG,troy-bell,2003,-1.07655702,0.000672273,0.068574472,0.385004591
Chris Davis,SG,5-chris-davis,2003,-1.076567318,0.0,0.044454238,0.42914401799999996
Maurice Williams,PG,maurice-williams,2003,-1.080896645,0.001439148,0.157449971,0.197333028
Carl English,SG,carl-english,2003,-1.087361265,0.000364164,0.017286385,0.484569339
Tahj Holden,PF,tahj-holden,2003,-1.097603758,0.001127014,0.052365962,0.41229876299999996
Matt Carroll,SG,13-matt-carroll,2003,-1.1077688140000002,0.000197947,0.037304502,0.434217646
Curtis Millage,SG,curtis-millage,2003,-1.125416006,0.000233525,0.035702603,0.42296097299999996
Dahntay Jones,SG,dahntay-jones,2003,-1.127440583,0.001612973,0.07240794099999999,0.38158497399999997
Ezra Williams,SG,ezra-williams,2003,-1.1368224409999999,0.0004927880000000001,0.035325358,0.444069041
Mario Austin,PF,mario-austin,2003,-1.138083824,0.003576595,0.070979345,0.312557384
Donatas Zavackas,PF,donatas-zavackas,2003,-1.14424839,0.0,0.046169059000000005,0.38819834299999995
Rick Anderson,SF,rick-anderson,2003,-1.14485269,0.0,0.046375226,0.389364427
Marvin Stone,PF,marvin-stone,2003,-1.161554835,0.000305837,0.033955118,0.39714416399999997
Ontario Lett,PF,ontario-lett,2003,-1.166254167,0.0,0.05069672099999999,0.350082186
Kirk Penney,SG,kirk-penney,2003,-1.176398366,0.0,0.038537268,0.40723351700000004
Tom Coverdale,PG,tom-coverdale,2003,-1.180187223,0.0,0.034420366,0.37254536200000005
Torris Bright,SF,torris-bright,2003,-1.184542018,0.0,0.037508232999999995,0.367536893
Robert Jackson,PF,robert-jackson,2003,-1.2019428890000001,0.001136267,0.03326765,0.377914745
Rick Rickert,PF,rick-rickert,2003,-1.204812873,0.001220299,0.074923188,0.313490187
Derrick Zimmerman,PG,derrick-zimmerman,2003,-1.2066774390000001,0.000852833,0.050573831,0.334196631
Reece Gaines,SF,reece-gaines,2003,-1.230498468,0.000601144,0.047512055,0.35007353
Dalron Johnson,PF,dalron-johnson,2003,-1.232288265,0.0,0.024751597,0.381758253
Marcus Hatten,SG,marcus-hatten,2003,-1.2324157390000001,0.00639851,0.03737421,0.32502068300000003
Quinton Ross,SF,quinton-ross,2003,-1.236355504,0.000500923,0.030576131,0.37756913299999995
Tommy Smith,PF,tommy-smith,2003,-1.2379451940000001,0.0,0.028701822000000002,0.365204585
Brent Darby,SG,brent-darby,2003,-1.255227059,0.000330499,0.025257246,0.38204881399999996
Uche Nsonwu-Amadi,PF,uche-nsonwu-amadi,2003,-1.258795629,0.0,0.016453324,0.37619493299999995
Ryan Randle,PF,ryan-randle,2003,-1.280781306,0.0,0.030307617999999998,0.338190702
Koko Archibong,SF,koko-archibong,2003,-1.28845032,0.0,0.010215311999999999,0.38586249200000006
Brett Blizzard,SG,brett-blizzard,2003,-1.29635002,0.0,0.026502766,0.34724628
Brandon Hunter,PF,brandon-hunter,2003,-1.309554944,0.0,0.022882357000000002,0.323309707
Ruben Douglas,SG,ruben-douglas,2003,-1.310448311,0.000290389,0.02103033,0.359011928
Henry Domercant,SG,henry-domercant,2003,-1.324641062,0.000513608,0.012464478000000001,0.36961832200000005
Joe Shipp,SF,joe-shipp,2003,-1.3432348319999998,0.0,0.020019012,0.344638176
Willie Green,SG,willie-green,2003,-1.3486290769999998,0.001245667,0.016560229,0.36041085100000003
Travis Hansen,SG,travis-hansen,2003,-1.355053967,0.000528736,0.022118081,0.328288245
Wesley Wilson,PF,wesley-wilson,2003,-1.3589524169999998,0.0,0.005860485,0.342009671
Ugonna Onyekwe,SF,ugonna-onyekwe,2003,-1.360308461,0.000214382,0.007982318,0.335233703
Erwin Dudley,PF,erwin-dudley,2003,-1.367946366,0.0,0.018736775,0.314752427
Kueth Duany,SG,kueth-duany,2003,-1.379825204,0.0,0.023966324,0.318897768
Joel Cornette,PF,joel-cornette,2003,-1.3971905480000002,0.000442022,0.018047944,0.305868125
Ron Slay,PF,ron-slay,2003,-1.41177197,0.0,0.016208283,0.302721174
Britton Johnsen,SF,britton-johnsen,2003,-1.416293089,0.000220205,0.017034537,0.29497750699999997
Raitis Grafs,PF,raitis-grafs,2003,-1.471849512,0.0,0.015592251000000001,0.26238325
Earl Barron,C,earl-barron,2003,-1.4842602630000001,0.0,0.019319664,0.24714443100000003
Ronald Dupree,SF,ronald-dupree,2003,-1.484306785,7.83914e-05,0.015760512,0.262486393
Theron Smith,PF,theron-smith,2003,-1.508985772,0.000283402,0.009467033,0.263891645
Will McDonald,C,will-mcdonald,2003,-1.6008660209999999,0.000530311,0.006731641,0.204776111
Stephane Pelle,PF,stephane-pelle,2003,-1.6084829390000002,0.0,0.011400394,0.19709041300000002
Frederick Jones,SG,frederick-jones,2002,0.52415205,0.073336592,0.44164934100000003,0.18934668699999999
Jason Williams,PG,22-jason-williams,2002,0.4923588,0.08119061400000001,0.362868715,0.215418605
Dan Dickau,PG,dan-dickau,2002,0.156377379,0.038046878,0.32550369100000004,0.283061767
Juan Dixon,PG,juan-dixon,2002,-0.009243731,0.026276166,0.236971839,0.45914163799999996
Carlos Boozer,PF,carlos-boozer,2002,-0.037230897,0.009522095,0.257347405,0.431509861
Drew Gooden,PF,drew-gooden,2002,-0.13400146300000002,0.011716237,0.264164134,0.449322072
Dan Gadzuric,C,dan-gadzuric,2002,-0.175241184,0.0030394659999999998,0.395635245,0.25684912
Mike Dunleavy Jr.,SF,mike-dunleavy-jr,2002,-0.21313374,0.002711266,0.269656957,0.41685844899999996
Caron Butler,SF,caron-butler,2002,-0.2353445,0.032246082,0.2784546,0.23619722199999998
Casey Jacobsen,SG,casey-jacobsen,2002,-0.271668668,0.014198424,0.257938815,0.369454165
Jared Jeffries,SF,jared-jeffries,2002,-0.307211921,0.031251419,0.248835821,0.2652862
Jason Jennings,C,jason-jennings,2002,-0.309111829,0.026795193999999998,0.276365749,0.23269051899999998
Chris Wilcox,PF,chris-wilcox,2002,-0.33533151699999997,0.005287712,0.18991017300000002,0.51649675
Jamal Sampson,C,jamal-sampson,2002,-0.340641405,0.009090909,0.256847698,0.37878132
Curtis Borchardt,C,curtis-borchardt,2002,-0.496841563,0.018298432,0.19682940899999998,0.39337306299999997
Tito Maddox,PG,tito-maddox,2002,-0.554828116,0.000915751,0.183768315,0.38489011
Dajuan Wagner,PG,dajuan-wagner,2002,-0.581703524,0.022788204,0.18802502199999999,0.339052726
Robert Archibald,C,robert-archibald,2002,-0.634407055,0.0010126360000000001,0.17680380199999998,0.42771117700000005
Tayshaun Prince,SF,tayshaun-prince,2002,-0.667213928,0.0,0.154087309,0.418328518
Kevin Lyde,C,kevin-lyde,2002,-0.73895678,0.001832545,0.17425648,0.38204867299999995
John Salmons,SG,john-salmons,2002,-0.841032586,0.00023160099999999998,0.10313981900000001,0.417177741
Steve Logan,PG,steve-logan,2002,-0.859283846,0.0030916840000000004,0.135179186,0.357817334
William (Smush) Parker,PG,william-smush-parker,2002,-0.8866712520000001,0.003524673,0.137613293,0.304103726
Kareem Rush,SG,kareem-rush,2002,-0.999241143,0.002823992,0.047014333,0.475962211
Roger Mason Jr.,SG,roger-mason-jr,2002,-1.008858161,0.001649326,0.096390164,0.38458665700000005
Vincent Yarbrough,SF,vincent-yarbrough,2002,-1.011436029,0.005233154,0.074515286,0.386031405
Melvin Ely,PF,melvin-ely,2002,-1.013735255,0.0,0.08656738,0.41554135
Marcus Haislip,PF,marcus-haislip,2002,-1.0286878640000001,0.000351613,0.08152205400000001,0.399984975
Chris Jefferies,SF,chris-jefferies,2002,-1.064138792,0.000524222,0.070607835,0.396836691
Jobey Thomas,SG,jobey-thomas,2002,-1.083088485,0.00043102699999999995,0.052255137,0.39919966799999995
Elvin Mims,SG,elvin-mims,2002,-1.107367988,0.000693415,0.075591147,0.346422555
Luke Recker,SG,luke-recker,2002,-1.108630722,0.0008860469999999999,0.08650285199999999,0.355051904
J.R. Bremer,PG,jr-bremer,2002,-1.1453122759999999,0.000683338,0.04940125,0.38027874100000003
Predrag Savovic,SF,predrag-savovic,2002,-1.166224406,0.0,0.041242033,0.40687045200000005
Lynn Greer,PG,lynn-greer,2002,-1.169269834,0.0005709980000000001,0.035358967000000005,0.400542568
Matt Barnes,SF,matt-barnes,2002,-1.184536436,0.000308673,0.045388555,0.363262994
Lubos Barton,SF,lubos-barton,2002,-1.223678585,0.000534385,0.045764038,0.336722636
Frank Williams,PG,frank-williams,2002,-1.229498459,0.001889565,0.056416004000000006,0.317025169
Tamar Slay,SF,tamar-slay,2002,-1.254119747,0.0,0.020055906000000002,0.40500007299999996
Brian Brown,PG,13-brian-brown,2002,-1.2620842909999999,0.00014262700000000002,0.037140828,0.355576822
Rasual Butler,SF,rasual-butler,2002,-1.267643847,0.0,0.012007005,0.401378115
Jannero Pargo,PG,jannero-pargo,2002,-1.27106604,0.0,0.040750849,0.332749391
Preston Shumpert,SG,preston-shumpert,2002,-1.278723124,0.00031704,0.024999887000000002,0.366281598
Rod Grizzard,SG,rod-grizzard,2002,-1.306664779,0.0,0.021071807999999997,0.36809364
Aaron McGhee,PF,aaron-mcghee,2002,-1.316394957,0.00028708200000000003,0.035569315,0.315794365
Sam Clancy,PF,sam-clancy,2002,-1.321624095,0.001197723,0.041680308,0.28617657
Fredrik Jonzen,C,fredrik-jonzen,2002,-1.332156369,0.000276018,0.026831961,0.32224434399999996
Marvin O'Connor,SG,marvin-o-connor,2002,-1.338877206,0.000338553,0.015606567,0.358181019
Clarence Gilbert,PG,clarence-gilbert,2002,-1.3622712780000001,0.0,0.010615575,0.346155426
Chris Christoffersen,C,chris-christoffersen,2002,-1.369482101,0.0,0.03940882,0.278965563
Ryan Humphrey,PF,ryan-humphrey,2002,-1.398357483,0.001306259,0.031400613,0.277781353
Lonnie Jones,C,lonnie-jones,2002,-1.4152443730000002,0.0,0.019966257,0.289306864
Altron Jackson,SG,altron-jackson,2002,-1.422663019,0.0,0.030191467000000003,0.28300902899999997
Chris Owens,PF,chris-owens,2002,-1.475125115,0.00014254600000000001,0.017604544,0.257042074
Randy Holcomb,SF,randy-holcomb,2002,-1.553920803,0.0,0.004260368,0.24240426699999998
Shane Battier,SF,shane-battier,2001,1.776771289,0.06667887,0.655715297,0.11622211800000001
Omar Cook,PG,omar-cook,2001,0.747656987,0.150111111,0.403133333,0.115622222
Jason Richardson,SF,jason-richardson,2001,0.575466015,0.052757884000000005,0.46424311799999995,0.215354424
Jamaal Tinsley,PG,jamaal-tinsley,2001,0.46812575,0.071168193,0.408753446,0.166773082
Gilbert Arenas,SG,gilbert-arenas,2001,0.433602024,0.11528585,0.357893732,0.181120909
Eddie Griffin,PF,eddie-griffin,2001,0.399028,0.085375119,0.36825736,0.201519468
Joseph Forte,SG,joseph-forte,2001,0.284224193,0.12314448199999999,0.308616696,0.135274098
Zach Randolph,PF,zach-randolph,2001,0.22017162699999998,0.010008936999999999,0.343524193,0.39063258
Steve Hunter,C,steve-hunter,2001,-0.172344973,0.014769701000000001,0.263812394,0.445166168
Joe Johnson,SF,joe-johnson,2001,-0.228294525,0.020672462,0.258822735,0.38097191799999996
Brendan Haywood,C,brendan-haywood,2001,-0.26256901,0.002559091,0.34058426,0.30760863899999996
Richard Jefferson,SF,richard-jefferson,2001,-0.34009599100000004,0.010561418999999999,0.204911007,0.427876673
Alton Ford,PF,alton-ford,2001,-0.41335765799999996,0.010009311,0.21713221600000002,0.349487896
Kenny Satterfield,PG,kenny-satterfield,2001,-0.452126511,0.023702667,0.257938946,0.241190884
Jason Collins,C,jason-collins,2001,-0.504187239,0.005972994000000001,0.207072135,0.410867391
Jarron Collins,C,jarron-collins,2001,-0.55741861,0.001210689,0.22357217199999999,0.390359791
Loren Woods,C,loren-woods,2001,-0.558808195,0.002237786,0.19788180800000002,0.42334759
Rodney White,PF,rodney-white,2001,-0.56076375,0.006447368,0.19864035100000002,0.382697368
Troy Murphy,PF,troy-murphy,2001,-0.563354789,0.003931785,0.211108381,0.374920241
Earl Watson,PG,earl-watson,2001,-0.563747433,0.001241294,0.257464757,0.296876283
Charlie Bell,PG,14-charlie-bell,2001,-0.565821121,0.002927586,0.197302242,0.425803214
Jamison Brewer,PG,jamison-brewer,2001,-0.583902055,0.006037294,0.194627771,0.342142744
Samuel Dalembert,C,samuel-dalembert,2001,-0.586307794,0.0040210509999999994,0.184769638,0.397884609
Gerald Wallace,SF,gerald-wallace,2001,-0.616816374,0.010167131,0.177158774,0.371309192
Trenton Hassell,SG,trenton-hassell,2001,-0.6204559629999999,0.008701715,0.10124200300000001,0.530489505
Andre Hutson,PF,andre-hutson,2001,-0.634848619,0.0,0.201157623,0.368060801
Bobby Simmons,SG,bobby-simmons,2001,-0.709098285,0.005450215,0.136538291,0.409643638
Brandon Armstrong,SG,brandon-armstrong,2001,-0.7447116220000001,0.013162878000000001,0.17568650600000002,0.285645211
Michael Bradley,PF,michael-bradley,2001,-0.9108754370000001,0.000397967,0.11191988300000001,0.381899813
Jeff Trepagnier,SG,jeff-trepagnier,2001,-0.911776282,0.0037267240000000003,0.097089652,0.38086579299999995
Jeryl Sasser,PG,jeryl-sasser,2001,-0.915547953,0.001557977,0.05681051,0.52849968
Terence Morris,SF,terence-morris,2001,-0.936639346,0.001283867,0.10653782699999999,0.380679494
SirValiant Brown,PG,sirvaliant-brown,2001,-0.951670157,0.004985338,0.10230613300000001,0.349285348
Michael Wright,PF,michael-wright,2001,-1.051886513,0.004342394,0.07456228,0.36717466
Maurice Evans,SG,maurice-evans,2001,-1.065428135,0.0014108570000000002,0.060287963,0.40984701100000004
Alvin Jones,C,alvin-jones,2001,-1.088554185,0.00069446,0.062898088,0.38290733200000004
Jerry Green,SG,jerry-green,2001,-1.103678665,0.004744567,0.045049208,0.393802624
Kenny Gregory,SF,kenny-gregory,2001,-1.105271095,0.000606397,0.061600260999999996,0.38926093700000003
Casey Calvary,PF,casey-calvary,2001,-1.108821514,0.001051636,0.058460079000000005,0.39186091799999995
Lee Scruggs,SF,lee-scruggs,2001,-1.163638407,0.00026105700000000003,0.042095473,0.358225365
Rashad Phillips,PG,rashad-phillips,2001,-1.230745567,0.0014201889999999999,0.031098347999999998,0.354066121
Brian Scalabrine,PF,brian-scalabrine,2001,-1.245361256,0.0,0.017496223999999998,0.40268817100000004
Kirk Haston,PF,kirk-haston,2001,-1.25149325,0.0020860889999999997,0.039628914,0.327626686
Kimani Ffriend,C,kimani-ffriend,2001,-1.257651026,0.000810466,0.060046418,0.30416275600000003
Damone Brown,SF,damone-brown,2001,-1.259392873,0.0,0.043803137,0.335952559
Darren Kelly,SG,darren-kelly,2001,-1.273854022,0.0,0.040028355,0.339174109
Michael Hicks,SG,11-michael-hicks,2001,-1.301078926,0.00033765300000000004,0.018562621,0.35626321299999997
Will Solomon,PG,will-solomon,2001,-1.301901339,0.0,0.025062692,0.342152068
Monty Mack,SG,monty-mack,2001,-1.3489963280000001,0.000139834,0.016068196,0.35272669700000003
Dean Oliver,PG,dean-oliver,2001,-1.359015404,0.000144853,0.028928405,0.309891274
Sean Lampley,SF,sean-lampley,2001,-1.37991231,0.000797273,0.018403013,0.30888154100000004
Terry Black,SF,terry-black,2001,-1.3981193019999998,0.0006797000000000001,0.022433509,0.291499208
Cookie Belcher,PG,cookie-belcher,2001,-1.453962107,0.003407041,0.038350711,0.227701564
Eric Chenowith,C,eric-chenowith,2001,-1.4621311380000002,0.000548085,0.030221655,0.23620369300000002
Terrell Lyday,SG,terrell-lyday,2001,-1.486319252,0.001152278,0.018302548000000002,0.26103521
Brandon Wolfram,SF,brandon-wolfram,2001,-1.4934599640000001,0.000271229,0.011532478999999998,0.271560245
Ruben Boumtje Boumtje,C,ruben-boumtje-boumtje,2001,-1.494069369,0.0,0.020653307,0.236919285
Greg Stevenson,SG,greg-stevenson,2001,-1.529187586,0.0,0.019692742,0.238860882
Calvin Bowman,C,calvin-bowman,2001,-1.684669305,0.0,0.005068189,0.168629227
