Player,Position,ID,Draft Year,Projected SPM,Superstar,Starter,Role Player
Austin Rivers,SG,austin-rivers,2012,-0.145823923,0.036233333,0.268866667,0.334097619
Royce White,SF,royce-white,2012,-0.193489861,0.0184,0.24375,0.357366667
Damian Lillard,PG,damian-lillard,2012,-0.20056231300000002,0.036313508,0.259299921,0.27352202
Tony Wroten,PG,tony-wroten,2012,-0.245215022,0.021566667,0.280566667,0.2869
Doron Lamb,SG,doron-lamb,2012,-0.281442474,0.004280402,0.208319497,0.43963680899999996
Moe Harkless,SF,maurice-harkless,2012,-0.310236312,0.012416667,0.26805,0.346683333
Perry Jones III,PF,perry-jones-iii,2012,-0.362200805,0.003381931,0.25658298,0.375624695
Quincy Miller,SF,quincy-miller,2012,-0.36786030700000005,0.0082,0.23226666699999998,0.3737
Terrence Ross,SG,terrence-ross,2012,-0.393773751,0.018984716999999998,0.21497628600000002,0.348887871
Jared Cunningham,SG,2-jared-cunningham,2012,-0.44139395200000003,0.012164518000000001,0.193810652,0.38509138
Meyers Leonard,C,meyers-leonard,2012,-0.49300456200000004,0.001882547,0.222535097,0.35314568700000004
John Jenkins,SG,2-john-jenkins,2012,-0.541753731,0.004348225,0.153131284,0.428610228
Kendall Marshall,PG,kendall-marshall,2012,-0.545690813,0.001415434,0.208683597,0.33463658
Draymond Green,SF,draymond-green,2012,-0.556659557,0.0024765489999999998,0.169968738,0.421028206
Hollis Thompson,SF,hollis-thompson,2012,-0.5670391579999999,0.003435273,0.17262017,0.380718606
Jae Crowder,SF,jae-crowder,2012,-0.595557739,0.001250205,0.18452771699999998,0.38779319100000004
Khris Middleton,SF,khris-middleton,2012,-0.693277282,0.005368606,0.149152826,0.362379085
Ashton Gibbs,PG,ashton-gibbs,2012,-0.7126223490000001,0.0010042010000000001,0.135719853,0.42172062899999996
Miles Plumlee,PF,miles-plumlee,2012,-0.7234322,0.000378714,0.154787755,0.39365738
Kevin Jones,PF,6-kevin-jones,2012,-0.7423057359999999,0.00019141099999999997,0.14061901599999999,0.408054249
William Buford,SG,william-buford,2012,-0.7479396970000001,0.000889484,0.137565563,0.420014027
Darius Miller,SF,darius-miller,2012,-0.7624414290000001,0.000140748,0.118434526,0.441771763
Gerardo Suero,SG,gerardo-suero,2012,-0.804573475,0.002333333,0.040344444,0.543869841
Arnett Moultrie,PF,arnett-moultrie,2012,-0.836069017,0.001951945,0.14241347,0.347440917
Zach Rosen,PG,zack-rosen,2012,-0.881118585,0.001333333,0.058144395999999994,0.48396563
Robbie Hummel,SF,robbie-hummel,2012,-0.8860291220000001,0.000576045,0.109472592,0.379726758
Tyler Zeller,C,tyler-zeller,2012,-0.886482478,0.000952833,0.139317726,0.36551056200000004
Jordan Taylor,PG,jordan-taylor,2012,-0.888591315,0.000452506,0.11393553599999999,0.389875223
Tyshawn Taylor,PG,tyshawn-taylor,2012,-0.9066439070000001,0.000579555,0.102159316,0.400538469
Marcus Denmon,SG,marcus-denmon,2012,-0.91208632,0.000738739,0.08560240599999999,0.417502474
Ricardo Ratliffe,PF,ricardo-ratliffe,2012,-0.913073927,0.000263163,0.083116646,0.425384954
John Shurna,SF,john-shurna,2012,-0.923881437,0.0,0.058873497000000004,0.46678446799999995
Kim English,SG,kim-english,2012,-0.9321289540000001,0.00111017,0.093542425,0.407447096
Terrell Stoglin,SG,terrell-stoglin,2012,-0.9330101959999999,0.002411604,0.096088414,0.362764359
Fabricio Melo,C,fab-melo,2012,-0.935186244,0.000119301,0.099063901,0.420306829
Will Barton,SG,will-barton,2012,-0.9357758840000001,0.0,0.094512734,0.402634841
Scott Machado,PG,scott-machado,2012,-0.959476413,0.001693333,0.071913479,0.403173551
Chris Johnson,SG,11-chris-johnson,2012,-1.0178643520000001,0.00045626,0.068691479,0.400349226
Charlie Westbrook,SG,charlie-westbrook,2012,-1.0369043759999998,0.0,0.044506616,0.446405299
Cameron Moore,PF,cameron-moore,2012,-1.063020392,0.0008463489999999999,0.066966207,0.35449654700000005
Kris Joseph,SF,kris-joseph,2012,-1.0694359340000001,0.0,0.05797981,0.39338849200000003
Andrew Nicholson,PF,andrew-nicholson,2012,-1.0826602490000001,0.000630555,0.066266506,0.397673392
Quincy Acy,SF,quincy-acy,2012,-1.083851248,0.00030907,0.071857226,0.357689055
Bernard James,C,bernard-james,2012,-1.0934439040000001,0.0,0.058821607000000005,0.372845857
Wesley Witherspoon,SF,wesley-witherspoon,2012,-1.135707842,6.65226e-05,0.046642143,0.377084359
Darius Johnson-Odom,SF,darius-johnson-odom,2012,-1.163017907,0.0,0.045374649,0.397456996
JaMychal Green,PF,jamychal-green,2012,-1.167714438,0.000587973,0.031468848,0.382527713
Festus Ezeli,C,festus-ezeli,2012,-1.169515729,0.0,0.057072932,0.36457321600000003
Drew Gordon,PF,drew-gordon,2012,-1.17069164,0.001808765,0.042573969,0.368258089
Kyle O`Quinn,C,kyle-o-quinn,2012,-1.179221157,0.00015144100000000002,0.05068457,0.352475975
Terrell Holloway,PG,terrell-holloway,2012,-1.185031515,0.000187834,0.034943445,0.376654993
Toure` Murry,SG,toure-murry,2012,-1.18602304,0.000195975,0.02489439,0.399324875
Orlando Johnson,SG,orlando-johnson,2012,-1.210253966,0.000384054,0.031609322,0.374019444
Rakim Sanders,SF,rakim-sanders,2012,-1.214695871,0.0,0.0297791,0.37520793700000005
Eric Griffin,PF,2-eric-griffin,2012,-1.219154149,0.0,0.047050343,0.33327298
J`Covan Brown,PG,j-covan-brown,2012,-1.221707833,0.000194207,0.044968952,0.356136378
Mike Scott,PF,32-mike-scott,2012,-1.224537277,0.000347862,0.03563054,0.354899663
Renardo Sidney,PF,renardo-sidney,2012,-1.224538481,0.00028429299999999997,0.02032765,0.37547036200000006
Tony Mitchell,SG,3-tony-mitchell,2012,-1.233579669,0.0,0.050808795999999996,0.312011807
Jeffery Taylor,SF,jeffery-taylor,2012,-1.235187319,0.0,0.047836660999999996,0.333895451
Alex Young,SG,alex-young,2012,-1.2538407109999998,0.0,0.018347298,0.382315566
Henry Sims,C,henry-sims,2012,-1.2642296020000001,0.0006314269999999999,0.026197157000000002,0.348069777
Kevin Murphy,SF,2-kevin-murphy,2012,-1.271355995,0.0,0.026670568999999998,0.366993082
Justin Hamilton,C,2-justin-hamilton,2012,-1.3012540559999999,0.00028239,0.028768314,0.327982371
Casper Ware,PG,casper-ware,2012,-1.3062282570000001,0.0,0.022315633999999997,0.34030915899999997
Mitchell Watt,PF,mitchell-watt,2012,-1.316101171,0.0,0.019549013,0.334886588
Herb Pope,PF,herb-pope,2012,-1.31928748,0.0,0.020074038,0.3270238
Yancy Gates,PF,yancy-gates,2012,-1.339430576,0.00021323,0.03164911,0.298019782
Xavier Gibson,PF,xavier-gibson,2012,-1.341851105,0.0,0.0274474,0.303542018
Josh Owens,PF,josh-owens,2012,-1.3522472330000002,0.0,0.019032029,0.321945281
Garrett Stutz,C,garrett-stutz,2012,-1.359133317,0.00012932700000000002,0.030894867000000003,0.289284972
Augustus Gilchrist,C,augustus-gilchrist,2012,-1.3799116130000002,0.0,0.01447288,0.30558735
Robert Sacre,C,robert-sacre,2012,-1.476022096,0.00040331300000000003,0.020722041,0.24858155899999998
Derrick Williams,PF,3-derrick-williams,2011,1.156263453,0.166002273,0.40636119200000004,0.159771362
Kyrie Irving,PG,kyrie-irving,2011,0.878822439,0.145133333,0.3847,0.133516667
Tristan Thompson,PF,2-tristan-thompson,2011,0.550651756,0.0799,0.404183333,0.204216667
Kawhi Leonard,SF,kawhi-leonard,2011,0.358445678,0.073842145,0.394673473,0.17795316
Brandon Knight,PG,brandon-knight,2011,0.109980109,0.066616667,0.35598333299999996,0.146183333
Alec Burks,SG,alec-burks,2011,-0.062542276,0.037322606,0.26609705699999997,0.34871020700000005
Kenneth Faried,PF,kenneth-faried,2011,-0.077723641,0.009734162,0.30010719199999997,0.337342317
Kemba Walker,PG,kemba-walker,2011,-0.08425919999999999,0.026504944,0.308561144,0.25395791
Jereme Richmond,SF,jereme-richmond,2011,-0.131016665,0.009466667,0.309133333,0.36163333299999995
Cory Joseph,PG,cory-joseph,2011,-0.172781947,0.0205,0.26015,0.3783
Tobias Harris,PF,tobias-harris,2011,-0.234177374,0.009266667,0.250383333,0.38741666700000005
Nikola Vucevic,C,nikola-vucevic,2011,-0.24277792899999998,0.002209827,0.265809316,0.38034645
Tyler Honeycutt,SF,tyler-honeycutt,2011,-0.370330712,0.004690562,0.229489888,0.351831823
Klay Thompson,SG,klay-thompson,2011,-0.410841192,0.011865495,0.18193394100000002,0.424087255
Josh Selby,PG,josh-selby,2011,-0.423177433,0.003966667,0.212066667,0.383266667
Jordan Hamilton,SF,2-jordan-hamilton,2011,-0.42816448700000004,0.0018628310000000001,0.202777928,0.412339699
Jordan Williams,C,jordan-williams,2011,-0.44607608,0.005932099000000001,0.19495390899999998,0.358490947
Iman Shumpert,PG,iman-shumpert,2011,-0.46618921399999996,0.01167475,0.24424944399999998,0.269154752
Willie Reed,PF,willie-reed,2011,-0.485956085,0.00596036,0.199921142,0.344409742
Jimmy Butler,SF,jimmy-butler,2011,-0.501786171,0.000923541,0.19247870600000003,0.42358090200000004
Kyle Singler,SF,kyle-singler,2011,-0.50449569,0.0,0.211761392,0.40733887399999996
Brad Wanamaker,PG,bradley-wanamaker,2011,-0.5076399739999999,0.0021571010000000002,0.218707067,0.363259217
Jimmer Fredette,PG,jimmer-fredette,2011,-0.516017396,0.01183467,0.20399570600000003,0.34322967200000004
Markieff Morris,PF,markieff-morris,2011,-0.522158069,0.004485966,0.166648312,0.470599272
Reggie Jackson,PG,4-reggie-jackson,2011,-0.5643750270000001,0.006523507,0.158053855,0.417360089
Marcus Morris,PF,marcus-morris,2011,-0.59167767,0.00085145,0.168420785,0.439121032
Greg Smith,C,5-greg-smith,2011,-0.626927834,0.0028211240000000004,0.183603982,0.326586007
Nolan Smith,SG,nolan-smith,2011,-0.663804856,0.001932567,0.16741440900000001,0.405567523
Jon Diebler,SG,jon-diebler,2011,-0.6723650320000001,0.0,0.13241977300000002,0.430724626
Chris Singleton,SF,chris-singleton,2011,-0.6921536629999999,0.004260992,0.157669833,0.35853563299999996
Chandler Parsons,SF,chandler-parsons,2011,-0.754461481,0.000245607,0.136776761,0.415688375
Marshon Brooks,SG,marshon-brooks,2011,-0.7560146670000001,0.00204825,0.13107448800000002,0.433667814
Jon Leuer,PF,jon-leuer,2011,-0.779539187,0.002749519,0.154882974,0.352244669
Josh Harrellson,C,josh-harrellson,2011,-0.799567334,0.000384474,0.11937498,0.41577817799999994
Travis Leslie,SG,travis-leslie,2011,-0.8132012359999999,0.00462668,0.112001726,0.401183835
Shelvin Mack,PG,shelvin-mack,2011,-0.819890433,0.006822798000000001,0.11918791599999999,0.36106703700000004
Mark Payne,PG,mark-payne,2011,-0.821469593,0.000782059,0.091827183,0.461068996
David Lighty,SG,david-lighty,2011,-0.829272825,0.0,0.125921145,0.39674956200000006
Malcolm Lee,PG,malcolm-lee,2011,-0.870000518,0.001365954,0.119370669,0.364100296
Justin Holiday,SF,justin-holiday,2011,-0.8744809729999999,0.00022626299999999998,0.084409054,
Darius Morris,PG,darius-morris,2011,-0.877368502,0.002036612,0.10731065199999999,
Julyan Stone,SG,julyan-stone,2011,-0.940871268,0.000390789,0.07869029,
DeAndre Liggins,SG,deandre-liggins,2011,-0.942360645,0.0,0.058761605,0.460651921
Ravern Johnson,SG,ravern-johnson,2011,-0.9460407040000001,0.0,0.02777057,0.519963063
Ben Hansbrough,PG,ben-hansbrough,2011,-0.96844216,0.000224117,0.060733435999999995,0.43858114200000003
Jacob Pullen,SG,jacob-pullen,2011,-0.969453549,0.00309771,0.074964438,0.41265796299999996
Norris Cole,PG,norris-cole,2011,-0.9969489440000001,0.000587117,0.09551048300000001,0.35376735299999995
LaceDarius Dunn,SG,lacedarius-dunn,2011,-1.006032986,0.00029946599999999997,0.048552570999999996,0.46327179
Jamine Peterson,SF,jamine-peterson,2011,-1.013542304,0.0,0.077076071,0.387230356
Durrell Summers,SG,durrell-summers,2011,-1.0336000440000002,0.0,0.060540807,0.428675934
Talor Battle,PG,talor-battle,2011,-1.037068394,0.000233537,0.023397486000000002,0.47629634299999996
Vernon Macklin,PF,vernon-macklin,2011,-1.046292963,0.0,0.041192103,0.447468808
Rick Jackson,PF,rick-jackson,2011,-1.054019258,0.000479761,0.074484455,0.370432972
Demetri McCamey,PG,demetri-mccamey,2011,-1.059601532,0.00082665,0.047547447,0.405813614
Malcolm Delaney,PG,malcolm-delaney,2011,-1.0640473879999999,0.000337483,0.046154006,0.41921701100000003
Gary Flowers,SF,gary-flowers,2011,-1.083933888,0.0,0.031360495,0.43354901100000004
Isaiah Thomas,PG,2-isaiah-thomas,2011,-1.089808133,0.002082395,0.05156641,0.38965124100000004
Kalin Lucas,PG,kalin-lucas,2011,-1.09914369,0.0006885460000000001,0.046111919,0.403240042
Andrew Goudelock,SG,andrew-goudelock,2011,-1.100958547,0.0,0.023789072999999997,0.458182931
Justin Harper,PF,justin-harper,2011,-1.1120033520000001,0.0,0.08853987,0.326838448
Ater Majok,PF,ater-majok,2011,-1.121020352,0.0,0.0345,0.416516667
Scotty Hopson,SG,scotty-hopson,2011,-1.127381994,0.000188928,0.050234972999999995,0.40269393700000006
Terrence Jennings,PF,2-terrence-jennings,2011,-1.150051428,0.0,0.055727717,0.352325657
Lavoy Allen,PF,lavoy-allen,2011,-1.152110461,0.0,0.052752889000000004,0.36144076399999997
Dwight Hardy,SG,dwight-hardy,2011,-1.1539211459999998,0.0,0.026484904,0.418021225
Matt Howard,PF,matt-howard,2011,-1.1661023209999999,0.00033729,0.033550883,0.38875799
E`Twaun Moore,SG,e-twaun-moore,2011,-1.16774117,0.000916771,0.05513884,0.350619539
Damian Saunders,SF,damian-saunders,2011,-1.17105064,0.000451539,0.051675349,0.339944409
Michael Dunigan,C,michael-dunigan,2011,-1.181532241,0.001335905,0.043850466,0.361397814
Justin Hurtt,SG,justin-hurtt,2011,-1.1889480159999999,0.0,0.015589196999999999,0.41911385799999995
Delroy James,SF,delroy-james,2011,-1.2094365470000001,0.0,0.017608084,0.39542742200000003
JaJuan Johnson,PF,jajuan-johnson,2011,-1.21498146,0.000672015,0.070353094,0.29134657399999997
Jamie Skeen,PF,jamie-skeen,2011,-1.227311088,0.0,0.042547086,0.350739444
Mike Davis,PF,24-mike-davis,2011,-1.240437385,0.0,0.027422527999999998,0.361697301
Charles Jenkins,PG,charles-jenkins,2011,-1.244158579,0.0,0.029552812999999997,0.357113019
Matthew Bryan-Amaning,PF,matthew-bryan-amaning,2011,-1.25838923,0.001062534,0.039275169,0.31500759300000003
Diante Garrett,PG,diante-garrett,2011,-1.290642356,0.0,0.026051955,0.33212795100000003
Xavier Silas,SG,xavier-silas,2011,-1.298849467,0.0,0.018462041000000002,0.366247864
Keith Benson,C,keith-benson,2011,-1.379251302,0.000125438,0.031224406,0.288214225
Chris Wright,SF,23-chris-wright,2011,-1.4379358819999999,0.0,0.018207457,0.264428086
Gordon Hayward,SF,gordon-hayward,2010,0.72594309,0.094128564,0.43240109200000004,0.175132438
Greg Monroe,PF,greg-monroe,2010,0.571021611,0.091961464,0.36988033600000003,0.19067621
DeMarcus Cousins,C,demarcus-cousins,2010,0.46218235399999996,0.10528233199999999,0.32757286,0.21748633899999997
Derrick Favors,PF,derrick-favors,2010,0.437431234,0.060890652999999996,0.400088183,
Paul George,SF,paul-george,2010,0.37799331700000005,0.083181436,0.35406194,0.18964744600000003
Evan Turner,SG,evan-turner,2010,0.326732122,0.081517103,0.341627303,0.219071183
Ed Davis,PF,2-ed-davis,2010,0.259815792,0.032182769,0.374500558,0.325111177
Xavier Henry,SG,xavier-henry,2010,0.24416485300000002,0.060200364000000006,0.350865209,0.296880692
Al-Farouq Aminu,SF,al-farouq-aminu,2010,0.217775021,0.036851671,0.368997604,0.284532944
Tiny Gallon,PF,tiny-gallon,2010,0.197575781,0.023218997,0.31477572600000003,0.395866315
John Wall,PG,john-wall,2010,0.13772393,0.071680217,0.328184282,0.09961607900000001
Wesley Johnson,SF,wesley-johnson,2010,0.053817174,0.035264234,0.344247533,0.240359755
Avery Bradley,SG,avery-bradley,2010,-0.18671147,0.039254386,0.291315789,0.281710526
Daniel Orton,C,daniel-orton,2010,-0.293619664,0.008891753,0.23799398600000002,0.43228092799999995
Cole Aldrich,C,cole-aldrich,2010,-0.37316851799999995,0.01524035,0.230046783,0.391296506
Devin Ebanks,SF,devin-ebanks,2010,-0.40471777600000003,0.008106143,0.218832158,0.41208139299999996
Brian Zoubek,C,brian-zoubek,2010,-0.475890542,0.000308409,0.215779752,0.41627101200000005
Lance Stephenson,SG,lance-stephenson,2010,-0.502307394,0.023822256,0.19131016,0.346298065
Patrick Patterson,PF,patrick-patterson,2010,-0.546382504,0.00266597,0.18768717699999998,0.41652859200000003
Eric Bledsoe,PG,eric-bledsoe,2010,-0.634546545,0.002207792,0.21922077899999998,0.311969697
Ekpe Udoh,PF,ekpe-udoh,2010,-0.692344897,0.003001657,0.149671534,
Jon Scheyer,SG,jon-scheyer,2010,-0.692743283,0.000961462,0.153107431,0.41350767299999996
Charles Garcia,PF,charles-garcia,2010,-0.742048622,0.001826484,0.074018265,0.5025570779999999
Hassan Whiteside,C,tyler-whiteside,2010,-0.757116239,0.002264493,0.154486931,0.366346403
James Anderson,SG,23-james-anderson,2010,-0.789998292,0.003674515,0.10421689599999999,0.458365841
Manny Harris,SG,manny-harris,2010,-0.850390553,0.005721611999999999,0.117134721,0.37855024
Elliot Williams,SG,elliot-williams,2010,-0.895236058,0.006140385999999999,0.115528589,0.367824136
Luke Babbitt,SF,luke-babbitt,2010,-0.903508175,0.004230645999999999,0.12544060099999998,0.361933878
Trevor Booker,PF,trevor-booker,2010,-0.904315062,0.00023820400000000003,0.10772711199999999,0.420084775
Terrico White,SG,terrico-white,2010,-0.9047508759999999,0.006341451999999999,0.10323013800000001,
Sylven Landesberg,SG,sylven-landesberg,2010,-0.906308384,0.006132701,0.101488266,
Willie Warren,PG,willie-warren,2010,-0.919818531,0.004546872,0.091156827,
Jeremy Lin,PG,jeremy-lin,2010,-0.938273453,0.0,0.107871211,
Damion James,SF,damion-james,2010,-0.95337406,0.001767445,0.111348887,
Aubrey Coleman,SG,aubrey-coleman,2010,-0.961202532,0.0038837209999999997,0.025431018,0.512824464
Da`Sean Butler,SF,da-sean-butler,2010,-0.987821863,0.0011530660000000001,0.09219245,0.406299352
Sherron Collins,PG,sherron-collins,2010,-0.993541766,0.0007008030000000001,0.057623047999999996,0.440717129
Greivis Vasquez,SG,greivis-vasquez,2010,-1.0197271909999999,0.0014021729999999998,0.07052725900000001,0.392118232
Courtney Fortson,PG,courtney-fortson,2010,-1.021162597,0.0,0.05102646,0.41743050299999995
Dexter Pittman,C,dexter-pittman,2010,-1.027578855,0.0,0.071618117,0.401849844
Marqus Blakely,PF,marqus-blakely,2010,-1.039693052,0.005648866,0.057386902000000004,0.381286367
Deon Thompson,PF,deon-thompson,2010,-1.05148915,0.00076027,0.099591971,0.343659289
Quincy Pondexter,SF,quincy-pondexter,2010,-1.054958541,0.000721015,0.067825409,0.40616289200000005
Jarvis Varnado,PF,jarvis-varnado,2010,-1.059659795,0.0,0.054341315999999994,0.41635543700000005
Omar Samhan,C,omar-samhan,2010,-1.061201246,0.0017726839999999998,0.057890122999999995,0.387708255
Ryan Wittman,SF,ryan-wittman,2010,-1.0660718,0.0,0.018162978,0.477468823
Jordan Crawford,SG,jordan-crawford,2010,-1.068172823,0.001622446,0.079620396,0.412964699
Patrick Christopher,SG,patrick-christopher,2010,-1.0828012740000001,0.000217542,0.032789675,0.465959685
Dominique Jones,SG,0-dominique-jones,2010,-1.094464866,0.00295923,0.039675938,0.43157702700000006
Andy Rautins,SG,andy-rautins,2010,-1.094731814,0.0009475180000000001,0.049734265,0.389562709
Samardo Samuels,PF,samardo-samuels,2010,-1.097612627,0.001909954,0.067414607,0.35517712799999995
Larry Sanders,PF,larry-sanders,2010,-1.0997028629999999,0.0010096839999999998,0.067939129,0.356189876
Jeremy Evans,SF,jeremy-evans,2010,-1.111428694,0.0,0.050158747000000004,0.39729652600000004
Stanley Robinson,SF,stanley-robinson,2010,-1.1169754490000001,0.000145407,0.061203165,0.385923909
Jerome Randle,PG,jerome-randle,2010,-1.146296784,0.0,0.044072102,0.38418181100000004
Solomon Alabi,C,solomon-alabi,2010,-1.147034834,0.0,0.05791079,0.38311762299999996
Gavin Edwards,PF,gavin-edwards,2010,-1.161979167,0.00020334700000000002,0.023038136,0.410808004
Derrick Caracter,PF,derrick-caracter,2010,-1.1760329040000002,0.001986871,0.044370692999999996,0.34731267600000004
Darington Hobson,SF,2-darington-hobson,2010,-1.186124613,0.004166667,0.036754386,0.381425439
Lazar Hayward,SF,lazar-hayward,2010,-1.199316103,0.001583466,0.040025541,0.380713166
Armon Johnson,PG,armon-johnson,2010,-1.203256753,0.000584224,0.047609862,0.35893359399999997
Ishmael Smith,PG,ishmael-smith,2010,-1.20520179,0.0,0.04483987,0.37313226899999996
Dwayne Collins,PF,dwayne-collins,2010,-1.222101361,0.000520216,0.04270966599999999,0.35197533200000003
Tyren Johnson,SF,tyren-johnson,2010,-1.223136774,0.0,0.029822658999999998,0.37135936700000005
Gani Lawal,PF,gani-lawal,2010,-1.225735385,0.000571082,0.05009364,0.333573021
Luke Harangody,PF,luke-harangody,2010,-1.228701512,0.004169845,0.035532349,0.35444345899999996
Armon Bassett,PG,armon-bassett,2010,-1.229575293,0.0,0.01654883,0.397326911
A.J. Ogilvy,C,andrew-ogilvy,2010,-1.23042643,0.000931292,0.036769282,0.368253311
Tyler Smith,SF,1-tyler-smith,2010,-1.2344381629999999,0.001000527,0.023536584,0.38950802
Mikhail Torrance,PG,mikhail-torrance,2010,-1.251709202,0.0,0.03040858,0.368601105
Jerome Dyson,SG,jerome-dyson,2010,-1.260684458,0.00019512599999999997,0.039680722,0.338294579
Scottie Reynolds,PG,scottie-reynolds,2010,-1.288075798,0.0,0.031696888,0.347679412
Craig Brackins,PF,craig-brackins,2010,-1.2977407029999999,0.001753732,0.0359086,0.334892753
Matt Bouldin,PG,matt-bouldin,2010,-1.297748043,0.0,0.020901948,0.367270975
Edwin Ubiles,SG,edwin-ubiles,2010,-1.304926344,0.00036600900000000004,0.014352149,0.368484937
DeShawn Sims,SF,deshawn-sims,2010,-1.3172365529999999,0.0,0.010274569,0.361497064
Magnum Rolle,C,magnum-rolle,2010,-1.3207376240000002,0.0,0.02575748,0.333113006
Elijah Millsap,SG,elijah-millsap,2010,-1.32359644,0.0,0.026800399,0.320187302
Ben Uzoh,PG,ben-uzoh,2010,-1.3362349359999999,9.26118e-05,0.023823987,0.33403788100000004
Mac Koshwal,C,mac-koshwal,2010,-1.358261792,0.0003658,0.018632702,0.310939688
Marquis Gilstrap,SF,marquis-gilstrap,2010,-1.413948965,0.0,0.005111111,0.316222222
Artsiom Parakhouski,C,artsiom-parakhouski,2010,-1.4382831669999998,0.000448575,0.023932434,0.259951881
Jerome Jordan,C,jerome-jordan,2010,-1.501729544,0.0,0.019790108,0.245241844
Michael Washington,PF,michael-washington,2010,-1.517421151,0.000808707,0.007380215999999999,0.255219549
Tyreke Evans,PG,tyreke-evans,2009,1.2649065590000002,0.17422222199999998,0.460266667,0.104355556
Blake Griffin,PF,blake-griffin,2009,0.964879632,0.138169197,0.371409383,0.171447569
James Harden,SG,13-james-harden,2009,0.788386355,0.13276965599999999,0.404873415,0.147432335
Jrue Holiday,PG,jrue-holiday,2009,0.66358932,0.10206044,0.453846154,0.14613095199999998
DeJuan Blair,PF,dejuan-blair,2009,0.511650527,0.014389321000000002,0.409798393,0.35829966799999996
Stephen Curry,PG,stephen-curry,2009,0.152117249,0.082506676,0.297707412,0.187768291
Hasheem Thabeet,C,hasheem-thabeet,2009,-0.048061645,0.031390863,0.318884152,0.301575741
Ty Lawson,PG,ty-lawson,2009,-0.070405635,0.004104395,0.329378505,0.319197921
DeMar DeRozan,SG,demar-derozan,2009,-0.286519007,0.042119859,0.225967262,0.366003788
Danny Green,SF,danny-green,2009,-0.345189056,0.0013501820000000001,0.229178367,0.41868194
Darren Collison,PG,darren-collison,2009,-0.381706706,0.00370847,0.285404075,0.287554533
Jordan Hill,PF,jordan-hill,2009,-0.398916517,0.004210538,0.278330378,0.323639538
Austin Daye,SF,austin-daye,2009,-0.470333125,0.005857538000000001,0.21079531199999998,0.388338833
Jonny Flynn,PG,jonny-flynn,2009,-0.5203312489999999,0.021986542,0.246032485,0.20837545
Patrick Beverley,PG,patrick-beverley,2009,-0.553710535,0.003829355,0.21398140899999998,0.329854961
Chase Budinger,SG,chase-budinger,2009,-0.563281795,0.007476186,0.16317421,0.44482512700000004
Wayne Ellington,SG,wayne-ellington,2009,-0.690986623,0.000197937,0.17423618300000002,0.396519244
Sam Young,SF,sam-young,2009,-0.722306848,0.000291576,0.16335861699999998,0.415221734
Jeff Teague,PG,jeff-teague,2009,-0.727211835,0.006131172,0.214101298,0.244245716
B.J. Mullens,C,bj-mullens,2009,-0.72723571,0.004081633,0.160863095,0.380187075
Eric Maynor,PG,eric-maynor,2009,-0.733756748,0.006645888000000001,0.184251275,0.290184827
Earl Clark,SF,earl-clark,2009,-0.7896404029999999,0.001075956,0.13252634300000002,0.405906765
Tyler Hansbrough,PF,tyler-hansbrough,2009,-0.7912413220000001,0.004337323,0.171382862,0.34910380700000004
Terrence Williams,SG,terrence-williams,2009,-0.817641528,0.003468635,0.13362796400000002,0.37290472
DaJuan Summers,SF,dajuan-summers,2009,-0.92735566,0.0020478420000000002,0.100426066,0.383383834
Lester Hudson,SG,lester-hudson,2009,-0.9331986879999999,0.00098341,0.038579636,0.506165776
Derrick Brown,PF,derrick-brown,2009,-0.935704311,0.0,0.07034427,0.47737194200000005
Antonio Anderson,SG,antonio-anderson,2009,-0.9360329140000001,0.000149634,0.07113699700000001,0.448413281
Gerald Henderson,SG,gerald-henderson,2009,-0.938424467,0.0018739639999999999,0.071148045,0.46802910299999995
Josh Carter,SG,josh-carter,2009,-0.9806133770000001,0.000463572,0.047931862,0.46432693799999997
K.C. Rivers,SG,kc-rivers,2009,-0.9834012659999999,0.0,0.067695135,0.43208707700000004
Josh Shipp,SG,josh-shipp,2009,-0.9871630659999999,0.0,0.051235908,0.48162803200000004
A.J. Price,PG,aj-price,2009,-1.011308838,0.000326679,0.08281111099999999,0.395774522
Patrick Mills,PG,patrick-mills,2009,-1.046642294,0.002622341,0.11131412,0.295145797
Jerel McNeal,SG,jerel-mcneal,2009,-1.0585116509999999,0.0015550829999999999,0.06708296799999999,0.387245929
A.J. Abrams,SG,aj-abrams,2009,-1.059638872,0.000162976,0.041932628,0.42659584100000003
Jon Brockman,PF,jon-brockman,2009,-1.060147498,0.000823025,0.062209875,0.400535309
Nick Calathes,PG,nick-calathes,2009,-1.06596363,0.006084119,0.110707166,0.261318585
Brandon Costner,PF,brandon-costner,2009,-1.069697568,0.0,0.033625062000000004,0.45013207
Robert Dozier,SF,robert-dozier,2009,-1.079879714,0.0,0.07240637,0.384859865
Dar Tucker,SF,dar-tucker,2009,-1.082318005,0.004201529,0.065994879,0.374429178
DeMarre Carroll,PF,demarre-carroll,2009,-1.082646133,0.00045109400000000003,0.095981902,0.31982907899999996
Tyrese Rice,PG,tyrese-rice,2009,-1.106557491,0.001055925,0.053710462,0.384374715
Chinemelu Elonu,PF,chinemelu-elonu,2009,-1.106791447,0.00010626,0.031079284,0.422527135
James Johnson,PF,23-james-johnson,2009,-1.111034254,0.0,0.086329204,0.32709972800000003
Goran Suton,C,goran-suton,2009,-1.125833707,0.000443708,0.066697109,0.366315699
Jodie Meeks,SG,jodie-meeks,2009,-1.126367342,0.00047073199999999996,0.035030749,0.43404324899999996
Ronald Steele,PG,ronald-steele,2009,-1.130176574,0.0,0.031065423999999998,0.403399965
Toney Douglas,SG,toney-douglas,2009,-1.135763383,0.000376679,0.09324840599999999,0.317836893
Daniel Hackett,PG,daniel-hackett,2009,-1.1414426309999999,0.000334449,0.055402307000000005,0.376279074
Dionte Christmas,SG,dionte-christmas,2009,-1.155008392,0.00022304400000000001,0.021599355,0.440053246
Lee Cummard,SG,lee-cummard,2009,-1.163952731,8.27509e-05,0.040164022,0.388486631
Dante Cunningham,PF,dante-cunningham,2009,-1.1656094190000001,0.000479618,0.037291431,0.40231170299999996
Tony Gaffney,PF,tony-gaffney,2009,-1.167545252,0.000111734,0.032078959,0.388800177
Wesley Matthews,SF,23-wesley-matthews,2009,-1.170636117,0.00073021,0.063149342,0.36182347600000003
Jeremy Pargo,PG,jeremy-pargo,2009,-1.1913827190000001,0.000916568,0.035607013,0.372763354
Taj Gibson,PF,taj-gibson,2009,-1.191729732,0.0,0.06286482,0.351510874
Alade Aminu,PF,alade-aminu,2009,-1.194768524,0.0,0.02983381,0.389339654
Marcus Thornton,SG,marcus-thornton,2009,-1.200840893,0.000949911,0.049597252,0.368527606
Robert Vaden,SG,robert-vaden,2009,-1.219868835,0.0,0.020289887,0.401835765
Ben Woodside,PG,ben-woodside,2009,-1.23381005,0.00023982099999999998,0.010817878999999999,0.400978075
Anthony Goods,SG,anthony-goods,2009,-1.2356407459999998,0.0,0.017385808,0.39850035899999997
Ahmad Nivins,PF,ahmad-nivins,2009,-1.23689697,0.001435249,0.045319125,0.35196905700000003
Curtis Jerrells,PG,curtis-jerrells,2009,-1.24767364,0.00016929,0.026310141000000002,0.371661012
John Bryant,C,john-bryant,2009,-1.251160689,0.000863936,0.020860783,0.360776692
Paul Delaney III,PG,paul-delaney,2009,-1.259403283,0.000542509,0.030685167000000003,0.357608262
Paul Harris,SG,paul-harris,2009,-1.26740764,0.00036883699999999995,0.029703973999999998,0.3582301
Leo Lyons,PF,leo-lyons,2009,-1.272805629,0.001285189,0.031248941000000002,0.332828953
Bryan Mullins,PG,bryan-mullins,2009,-1.278985942,0.0015550179999999998,0.036378002,0.327711467
Courtney Fells,SG,courtney-fells,2009,-1.283806904,0.0,0.015639361,0.38248006
Jermaine Taylor,SG,jermaine-taylor,2009,-1.289605058,0.000273791,0.020647379,0.37665605799999996
Jeff Adrien,PF,jeff-adrien,2009,-1.289708761,0.0,0.027940573,0.35056580200000004
Jeff Pendergraph,PF,jeff-pendergraph,2009,-1.311856438,0.000524091,0.042853527999999995,0.30343505
Kevin Rogers,PF,kevin-rogers,2009,-1.3275412690000001,0.0,0.012972363999999998,0.355828074
Dominic James,PG,dominic-james,2009,-1.331332445,0.00068388,0.032078096,0.30911357899999997
Chris Johnson,C,21-chris-johnson,2009,-1.3423116019999999,0.0,0.017125397,0.33607554700000003
Josh Heytvelt,PF,josh-heytvelt,2009,-1.358348396,0.0,0.037205437,0.305337223
Jack McClinton,SG,jack-mcclinton,2009,-1.3680582609999998,0.0,0.024756245,0.318503842
Taylor Griffin,SF,taylor-griffin,2009,-1.3685449140000001,0.0,0.019771761000000002,0.31883721600000003
Luke Nevill,C,luke-nevill,2009,-1.387269572,0.001734331,0.019831207,0.301651377
Michael Beasley,PF,michael-beasley,2008,0.846981643,0.146477495,0.421324201,0.108675799
Russell Westbrook,PG,russell-westbrook,2008,0.772029843,0.142845458,0.386064356,0.169641495
Kevin Love,PF,kevin-love,2008,0.701868383,0.12477231300000001,0.39428506399999996,0.182695811
Eric Gordon,SG,23-eric-gordon,2008,0.571408185,0.18197888,0.251469238,0.19072543600000003
Derrick Rose,PG,derrick-rose,2008,0.370977534,0.11700980400000001,0.307279412,0.160294118
Brook Lopez,C,brook-lopez,2008,0.277650471,0.080688429,0.31131828100000003,0.257076023
DeAndre Jordan,C,deandre-jordan,2008,0.17545655699999999,0.021919771,0.365186246,0.36750238799999996
Roy Hibbert,C,roy-hibbert,2008,0.030653331000000002,0.009763837,0.38544127,0.308611101
Ryan Anderson,PF,ryan-anderson,2008,-0.14599499,0.010848848000000001,0.2701932,0.395168925
Jerryd Bayless,PG,jerryd-bayless,2008,-0.19704033199999998,0.046471860999999996,0.278917749,0.254978355
J.J. Hickson,PF,jj-hickson,2008,-0.215940603,0.010678392,0.236599665,0.414907873
O.J. Mayo,SG,oj-mayo,2008,-0.26733938,0.072511416,0.226917808,0.212054795
Darrell Arthur,PF,darrell-arthur,2008,-0.295700055,0.007831243,0.204242438,0.47990733799999996
Kosta Koufos,C,kosta-koufos,2008,-0.353931926,0.00433145,0.208757062,0.45612052700000005
Robin Lopez,C,robin-lopez,2008,-0.38568256799999995,0.010060837,0.21869652,0.426457594
Anthony Randolph,PF,anthony-randolph,2008,-0.425511294,0.014825581000000001,0.25746124,0.294597868
Brandon Rush,SG,brandon-rush,2008,-0.477081716,0.0028764259999999996,0.17683283600000002,0.458819326
Marreese Speights,C,marreese-speights,2008,-0.515967129,0.014006946000000001,0.153577238,0.442504313
Mario Chalmers,PG,mario-chalmers,2008,-0.577428749,0.0114728,0.200073055,0.331394101
George Hill,PG,george-hill,2008,-0.66127188,0.0015293820000000001,0.160321914,0.426091244
Bill Walker,SF,bill-walker,2008,-0.775438915,0.007277987,0.130949944,0.38594860299999995
Courtney Lee,SG,courtney-lee,2008,-0.807903032,0.005284049,0.11109604199999999,0.40234613
JaVale McGee,C,javale-mcgee,2008,-0.808564185,0.00324924,0.129806799,0.403048654
Luc Richard Mbah a Moute,SF,luc-richard-mbah-a-moute,2008,-0.8307998879999999,0.0009732510000000001,0.11335867300000001,0.432241837
Bo McCalebb,PG,bo-mccalebb,2008,-0.842206232,0.0037477390000000004,0.039741949,0.535168134
Donte Greene,SF,donte-greene,2008,-0.8611528140000001,0.002412281,0.148815789,0.351929825
D.J. Augustin,PG,dj-augustin,2008,-0.88945043,0.006242151,0.178705528,0.215808665
Joey Dorsey,PF,joey-dorsey,2008,-0.892621592,0.0008426039999999999,0.07571317400000001,0.44432087299999995
Malik Hairston,SG,malik-hairston,2008,-0.93788657,0.0036756909999999996,0.060182022,0.48016583
Mike Taylor,PG,mike-taylor,2008,-0.9437862220000001,0.0,0.080278527,0.39384546299999995
Joe Alexander,SF,joe-alexander,2008,-0.9443807009999999,0.002319691,0.076967295,0.443911855
Jamont Gordon,SG,jamont-gordon,2008,-0.980782258,0.003404463,0.061128409,0.417733526
Marcus Dove,SF,marcus-dove,2008,-0.992405106,8.04808e-05,0.062775953,0.41156617700000003
Darnell Jackson,PF,darnell-jackson,2008,-0.9976419259999999,0.0,0.075217555,0.429994899
Josh Duncan,SF,josh-duncan,2008,-1.010999661,0.0,0.047927505999999995,0.46018892899999997
Chris Lofton,SG,chris-lofton,2008,-1.031019051,0.000922638,0.046547065,0.447099388
Joe Crawford,SG,joe-crawford,2008,-1.037005378,0.0,0.026220088,0.503200778
Chris Douglas-Roberts,SG,chris-douglas-roberts,2008,-1.037290462,0.0026095529999999997,0.073049005,0.41502612
Jawann McClellan,SG,jawann-mcclellan,2008,-1.044038892,0.0,0.025453521,0.49107715
Kyle Weaver,PG,kyle-weaver,2008,-1.056623149,0.001547841,0.069087263,0.371474735
Mickell Gladness,PF,mickell-gladness,2008,-1.070205359,0.0,0.041737969,0.418841334
Reggie Williams,SG,reggie-williams,2008,-1.07265197,0.000479011,0.045502155999999995,0.44479251299999994
Othello Hunter,PF,othello-hunter,2008,-1.095802318,0.000372025,0.039953366000000004,0.44697250000000005
Longar Longar,C,longar-longar,2008,-1.1041470759999998,0.0,0.038092232000000004,0.419631631
Patrick Ewing Jr.,SF,patrick-ewing-jr,2008,-1.12507373,0.0,0.034737872,0.40804834100000004
Walter Sharpe,PF,walter-sharpe,2008,-1.128185543,0.000540176,0.035090743,0.40668176100000003
Richard Hendrix,PF,richard-hendrix,2008,-1.129893634,0.0005495519999999999,0.048082634000000006,0.38861135799999996
Sasha Kaun,C,sasha-kaun,2008,-1.1535714670000001,0.000551242,0.06272428099999999,0.36718485700000003
DeMarcus Nelson,SG,demarcus-nelson,2008,-1.156377959,0.0,0.050831800999999996,0.391511974
Jamar Butler,PG,jamar-butler,2008,-1.159283845,0.0,0.032854111,0.396792209
Bryce Taylor,SG,bryce-taylor,2008,-1.160663274,0.000429662,0.027373635,0.455786539
Shawn James,PF,shawn-james,2008,-1.17474957,0.0,0.026489927000000003,0.403015475
Drew Neitzel,PG,drew-neitzel,2008,-1.194098238,0.0,0.031552375,0.382981988
Shan Foster,SG,shan-foster,2008,-1.20277047,0.0,0.029972987000000003,
David Padgett,C,david-padgett,2008,-1.206137644,0.0,0.041702291,0.374067527
J.R. Giddens,SG,jr-giddens,2008,-1.212790993,0.0,0.026419841,0.40369536100000003
James Mays,PF,james-mays,2008,-1.212861536,0.0007542489999999999,0.033138048999999996,0.346204941
Aleks Maric,C,aleks-maric,2008,-1.2330542290000002,0.00020109200000000002,0.025461239,0.36127327
Marcelus Kemp,SG,marcelus-kemp,2008,-1.244614514,0.000615393,0.012974095,0.408243199
C.J. Giles,C,cj-giles,2008,-1.260817974,0.0,0.03027509,0.34039642299999995
D.J. White,PF,dj-white,2008,-1.26138559,0.000310542,0.047855395999999994,0.33616557399999997
Kentrell Gransberry,PF,kentrell-gransberry,2008,-1.265477115,0.00032929199999999996,0.03676358,0.322699588
Davon Jefferson,SF,davon-jefferson,2008,-1.271617811,0.0,0.046392694000000005,0.31433790000000006
Pat Calathes,SF,pat-calathes,2008,-1.2719204179999999,0.0,0.03409069,0.33873192399999996
Joseph Jones,PF,joseph-jones,2008,-1.28269015,0.000690756,0.021732945,0.355880873
Sonny Weems,SG,sonny-weems,2008,-1.284670711,0.0003511,0.037380132,0.337716135
Tyrone Brazelton,PG,tyrone-brazelton,2008,-1.290246751,0.0,0.035077507,0.321818806
Trent Plaisted,C,trent-plaisted,2008,-1.325366026,0.001000007,0.033831417,0.308200972
James Gist,PF,james-gist,2008,-1.334622166,0.000183631,0.019171784,0.342616683
DeVon Hardin,C,devon-hardin,2008,-1.3444244330000001,8.472819999999999e-05,0.031545715,0.29419824899999997
Will Daniels,SF,will-daniels,2008,-1.38331535,0.0003185,0.013982913000000001,0.32645767600000003
Richard Roby,SG,richard-roby,2008,-1.418729044,0.0,0.012165813999999999,0.315138756
Sean Singletary,PG,sean-singletary,2008,-1.4488087219999999,0.0,0.021486277,
Gary Forbes,SF,gary-forbes,2008,-1.522391895,0.0,0.005825426,
Mike Conley Jr.,PG,mike-conley-jr,2007,1.0031925720000001,0.16732456099999998,0.40475877200000004,
Greg Oden,C,greg-oden,2007,0.8226077279999999,0.126145553,0.38251829,
Al Horford,PF,al-horford,2007,0.707756205,0.088973525,0.440303555,
Joakim Noah,PF,joakim-noah,2007,0.422872969,0.079411998,0.38755126100000004,0.197950034
Kevin Durant,SF,kevin-durant,2007,0.37508804799999995,0.08179702,0.39641527,0.129143389
Thaddeus Young,SF,thaddeus-young,2007,0.23558509,0.057339574000000004,0.39845339799999996,0.210754986
Rodney Stuckey,SG,rodney-stuckey,2007,0.10214322099999999,0.09202755,0.27080736699999997,0.217030878
Jeff Green,SF,jeff-green,2007,0.077181143,0.043752093,0.324311358,0.256275342
Julian Wright,SF,julian-wright,2007,0.070925932,0.020599201,0.347806889,0.328754671
Corey Brewer,SG,corey-brewer,2007,0.030124876000000002,0.034446562,0.268219041,0.382653147
Brandan Wright,PF,brandan-wright,2007,0.019708441,0.011444142,0.302588556,0.44182561299999995
Spencer Hawes,C,spencer-hawes,2007,0.001760075,0.014423923,0.330386983,0.412181179
Javaris Crittenton,PG,javaris-crittenton,2007,-0.15155286099999998,0.046666667,0.30097435899999997,0.262564103
Wilson Chandler,SF,wilson-chandler,2007,-0.379371445,0.01280846,0.231717946,0.361419076
Daequan Cook,SG,daequan-cook,2007,-0.501947414,0.010837887,0.174134791,0.45177595600000003
Sean Williams,C,sean-williams,2007,-0.560511843,0.006712721,0.183916618,0.39678992399999996
Josh McRoberts,PF,josh-mcroberts,2007,-0.586086222,0.004396267,0.174482602,0.401204839
Jared Dudley,SF,jared-dudley,2007,-0.596161229,0.001211272,0.173232802,0.430848921
Glen Davis,PF,glen-davis,2007,-0.633933768,0.00268721,0.157226742,0.409084991
Taurean Green,PG,taurean-green,2007,-0.6387245979999999,0.005701675,0.17684891600000002,0.35387836200000006
Gabe Pruitt,PG,gabe-pruitt,2007,-0.7789871490000001,0.007583099,0.16434464099999999,0.308926692
Reyshawn Terry,SF,reyshawn-terry,2007,-0.8271420979999999,0.0004988169999999999,0.091555341,0.476973297
Ramon Sessions,PG,ramon-sessions,2007,-0.896731202,0.000494475,0.139291981,0.322416324
Blake Schilb,SF,blake-schilb,2007,-0.940592063,0.000890772,0.024305601,0.5363462410000001
Carl Landry,PF,carl-landry,2007,-0.9528953490000001,0.002045092,0.126780838,0.348472083
Aaron Gray,C,aaron-gray,2007,-0.9881177520000001,0.003082401,0.07719775799999999,0.414327094
Arron Afflalo,SG,arron-afflalo,2007,-0.9890012890000001,0.002536551,0.08776656099999999,0.407585638
Jared Jordan,PG,jared-jordan,2007,-1.0014171170000001,0.0,0.0504095,0.439857541
Aaron Brooks,PG,aaron-brooks,2007,-1.002141462,0.000226926,0.11265398800000001,0.34265898100000003
Trey Johnson,SG,trey-johnson,2007,-1.016300094,0.000227294,0.037940873,0.486145205
Marcus Williams,SF,marcus-williams,2007,-1.036945497,0.001629615,0.08842120099999999,0.393028007
Jeremy Hunt,SG,jeremy-hunt,2007,-1.050169298,0.000148497,0.03620393,0.458491518
Dominic McGuire,SF,dominic-mcguire,2007,-1.063704576,0.000356641,0.05666692,0.408822862
Alando Tucker,SF,alando-tucker,2007,-1.067313339,0.001979317,0.06865441900000001,0.409033204
Coleman Collins,PF,coleman-collins,2007,-1.080813096,0.006000826,0.09289309800000001,0.294143218
JamesOn Curry,SG,jameson-curry,2007,-1.091330806,0.0009741,0.06307537099999999,0.393008873
Ron Lewis,SG,ron-lewis,2007,-1.093157647,0.0005245030000000001,0.046044287999999996,0.428624622
Al Thornton,SF,al-thornton,2007,-1.122221451,0.002371322,0.11275821400000001,0.262559545
Stephane Lasme,PF,stephane-lasme,2007,-1.126446842,0.0,0.033650267000000005,0.42080560100000003
Nick Young,SG,nick-young,2007,-1.127632903,0.0013759570000000001,0.063868301,0.378346412
Chris Richard,C,chris-richard,2007,-1.137437383,0.000914445,0.051526787000000004,0.395376057
Justin Cage,SF,justin-cage,2007,-1.141748891,0.000157846,0.042355280999999995,0.41184179200000004
Nick Fazekas,PF,nick-fazekas,2007,-1.142440065,0.0,0.055473133,0.378605491
Russell Carter,SG,russell-carter,2007,0.0006831710000000001,0.035898946,0.454586197
Larry Blair,PG,larry-blair,2007,-1.173959325,0.0,0.025654447,0.41797305
Dashaun Wood,PG,dashaun-wood,2007,-1.18766108,0.0005360569999999999,0.04801094,0.357982541
Kyle Visser,C,kyle-visser,2007,-1.192887647,0.002247541,0.06275572,0.318028969
Demetris Nichols,SF,demetris-nichols,2007,-1.193795757,0.000357952,0.037778369,0.380294105
Morris Almond,SG,morris-almond,2007,-1.200478712,0.002363498,0.029448476,0.385681847
Adam Haluska,SG,adam-haluska,2007,-1.20706148,0.0,0.022658589,0.40247889
Derrick Byars,SF,derrick-byars,2007,-1.221014622,0.0,0.036271297,0.377515503
Terrence Roberts,PF,terrence-roberts,2007,-1.233405112,0.000174937,0.014956938999999999,0.387399768
Curtis Sumpter,SF,curtis-sumpter,2007,-1.253315231,0.0,0.022962755,0.373655826
Acie Law IV,PG,acie-law-iv,2007,-1.270554708,0.000223877,0.054207711,0.309945261
James Hughes,C,james-hughes,2007,-1.274591698,0.0,0.015792051,0.368221146
Darryl Watkins,C,darryl-watkins,2007,0.0,0.024029775,0.36200974
Ian Vouyoukas,C,ian-vouyoukas,2007,-1.2920373729999999,0.0,0.01920418,0.346150794
Coby Karl,SG,coby-karl,2007,-1.293094473,0.0,0.022468615,0.354340352
